Country,Text,Translation,Type,Item,Region1,Region2,Region3,Region4,W1,W2,W3,W4,W5,W6,W7,W8,W9,W10,W11,W12,W13,W14,Region1_Surprisal,Region2_Surprisal,Region3_Surprisal,Region4_Surprisal
BCS,Conocían al atleta que venció finalmente al corredor el año pasado.,They knew the athlete that finally beat the runner last year.,SAA,1,5,6,7-8,9-11,25.93434,3.923189,8.187009,2.646522,7.708383,8.079336,2.014866,4.746993,6.71874,2.652614,0.291735,,,,7.708383,8.079336,6.761859,9.663089
BCS,Conocían la enfermedad que venció finalmente al corredor el año pasado.,They knew the illness that finally beat the runner last year.,SIA,1,5,6,7-8,9-11,25.93434,2.211078,4.789553,3.329822,10.767276,7.955942,2.070674,6.991517,6.760045,2.031257,0.100539,,,,10.767276,7.955942,9.062191,8.891841
BCS,Conocían al atleta que venció finalmente el corredor el año pasado.,They knew the athlete that the runner finally beat last year.,OAA,1,5,6,7-8,9-11,25.93434,3.923189,8.187009,2.646522,7.708383,8.079336,2.654403,6.257288,6.755196,3.453155,0.262029,,,,7.708383,8.079336,8.911691,10.47038
BCS,Conocían la enfermedad que venció finalmente el corredor el año pasado.,They knew the illness that the runner finally beat last year.,OIA,1,5,6,7-8,9-11,25.93434,2.211078,4.789553,3.329822,10.767276,7.955942,5.107514,6.133137,6.659318,2.398069,0.090838,,,,10.767276,7.955942,11.240651,9.148225
BCS,Antonio leyó al periodista que criticó duramente al escritor durante el certamen.,Antonio read to the journalist that harshly criticized the writer during the meeting.,SAA,2,6,7,8-9,10-11,10.914282,25.574988,4.801321,5.970889,3.367245,8.556326,4.212548,1.960451,6.48372,6.393632,1.890727,6.4986,,,8.556326,4.212548,8.444171,8.284359
BCS,Antonio leyó el artículo que criticó duramente al escritor durante el certamen.,Antonio read the article that harshly criticized the writer during the meeting.,SIA,2,6,7,8-9,10-11,10.914282,25.574988,1.996288,2.327124,3.988138,11.82831,5.138988,1.873167,5.489577,8.239186,1.91808,7.414069,,,11.82831,5.138988,7.362744,10.157266
BCS,Antonio leyó al periodista que criticó duramente el escritor durante el certamen.,Antonio read to the journalist that the writer harshly criticized during the meeting.,OAA,2,6,7,8-9,10-11,10.914282,25.574988,4.801321,5.970889,3.367245,8.556326,4.212548,2.834502,7.827364,6.178014,1.945241,6.747419,,,8.556326,4.212548,10.661866,8.123255
BCS,Antonio leyó el artículo que criticó duramente el escritor durante el certamen.,Antonio read the article that the writer harshly criticized during the meeting.,OIA,2,6,7,8-9,10-11,10.914282,25.574988,1.996288,2.327124,3.988138,11.82831,5.138988,2.425496,7.450804,8.527711,1.882554,7.86473,,,11.82831,5.138988,9.8763,10.410265
BCS,Aplaudieron al actor que llevó ese año al director a los óscars.,They applauded the actor that this year led the director to the Oscars.,SAA,3,5,6-7,8-9,10-12,26.057919,2.466897,4.301991,3.38484,5.633476,8.64926,5.339938,2.216761,6.300939,2.458789,2.768632,7.894825,,,5.633476,13.989198,8.5177,13.122246
BCS,Aplaudieron la película que llevó ese año al director a los óscars.,They applauded the film that this year led the director to the Oscars.,SIA,3,5,6-7,8-9,10-12,26.057919,1.905063,7.43045,3.615851,6.695878,7.84778,4.623189,2.027485,4.525091,2.225505,1.926472,7.800476,,,6.695878,12.470969,6.552576,11.952453
BCS,Aplaudieron al actor que llevó ese año el director a los óscars.,They applauded the actor that this year led the director to the Oscars.,OAA,3,5,6-7,8-9,10-12,26.057919,2.466897,4.301991,3.38484,5.633476,8.64926,5.339938,1.573271,9.646968,3.453342,3.016861,8.142162,,,5.633476,13.989198,11.220239,14.612365
BCS,Aplaudieron la película que llevó ese año el director a los óscars.,They applauded the film that the director this year led to the Oscars.,OIA,3,5,6-7,8-9,10-12,26.057919,1.905063,7.43045,3.615851,6.695878,7.84778,4.623189,0.883593,6.985409,3.29547,2.159048,7.524017,,,6.695878,12.470969,7.869002,12.978535
BCS,Conocían al abogado que ocultó premeditadamente al político del escándalo.,They knew the lawyer that with premeditation hid the politician from the scandal.,SAA,4,5,6,7-8,9-10,25.934336,3.923187,6.00139,2.469421,8.068462,12.638384,3.629597,7.009959,3.796773,6.381128,,,,,8.068462,12.638384,10.639556,10.177901
BCS,Conocían el informe que ocultó premeditadamente al político del escándalo.,They knew the report that with premeditation hid the politician from the scandal.,SIA,4,5,6,7-8,9-10,25.93434,2.318949,6.491311,3.017562,7.616958,15.15123,4.710347,8.188149,4.106147,9.465127,,,,,7.616958,15.15123,12.898496,13.571274
BCS,Conocían al abogado que ocultó premeditadamente el político del escándalo.,They knew the lawyer that with premeditation hid the politician from the scandal.,OAA,4,5,6,7-8,9-10,25.934336,3.923187,6.00139,2.469421,8.068462,12.638384,1.79506,13.614819,3.717558,6.377291,,,,,8.068462,12.638384,15.409879,10.094849
BCS,Conocían el informe que ocultó premeditadamente el político del escándalo.,They knew the report that with premeditation hid the politician from the scandal.,OIA,4,5,6,7-8,9-10,25.93434,2.318949,6.491311,3.017562,7.616958,15.15123,1.062555,9.212111,3.808057,10.368174,,,,,7.616958,15.15123,10.274666,14.176231
BCS,Los socios vieron al contable que censuró duramente al director en la junta.,The associates saw the accountant that harshly censured the director in the meeting.,SAA,5,7,8,9-10,11-13,9.249119,11.502193,11.554227,4.688031,8.896747,3.802458,11.935482,7.797244,1.837049,3.035813,3.378836,1.471686,2.291454,,11.935482,7.797244,4.872862,7.141976
BCS,Los socios vieron el documento que censuró duramente al director en la junta.,The associates saw the document that harshly censured the director in the meeting.,SIA,5,7,8,9-10,11-13,9.249119,11.502193,11.554227,2.270875,5.216635,3.01976,9.831746,9.617011,1.779926,5.459683,4.816012,3.140808,5.169403,,9.831746,9.617011,7.239609,13.126223
BCS,Los socios vieron al contable que censuró duramente el director en la junta.,The associates saw the accountant that the director harshly censured in the meeting.,OAA,5,7,8,9-10,11-13,9.249119,11.502193,11.554227,4.688031,8.896747,3.802458,11.935482,7.797244,2.403114,6.894006,3.895812,1.572261,2.765861,,11.935482,7.797244,9.29712,8.233934
BCS,Los socios vieron el documento que censuró duramente el director en la junta.,The associates saw the document that the director harshly censured in the meeting.,OIA,5,7,8,9-10,11-13,9.249119,11.502193,11.554227,2.270875,5.216635,3.01976,9.831746,9.617011,2.089983,7.803398,5.476994,2.946962,5.881823,,9.831746,9.617011,9.893381,14.305779
BCS,Aplaudieron al mecenas que sacó súbitamente al artista del anonimato.,They applauded the patron that quickly brought back the artist from anonymity.,SAA,6,5,6,7-8,9-10,26.057919,2.466897,12.324449,2.824028,6.446486,20.389862,2.538318,3.272577,2.36749,3.549238,,,,,6.446486,20.389862,5.810895,5.916728
BCS,Aplaudieron la escultura que sacó súbitamente al artista del anonimato.,They applauded the sculpture that quickly brought back the artist from anonymity.,SIA,6,5,6,7-8,9-10,26.057905,1.905065,9.996384,2.751042,10.489145,17.041358,2.204721,3.519817,4.211013,0.163889,,,,,10.489145,17.041358,5.724538,4.374902
BCS,Aplaudieron al mecenas que sacó súbitamente el artista del anonimato.,They applauded the patron that the artist quickly brought back from anonymity.,OAA,6,5,6,7-8,9-10,26.057919,2.466897,12.324449,2.824028,6.446486,20.389862,3.837363,5.644092,2.386449,3.551703,,,,,6.446486,20.389862,9.481455,5.938152
BCS,Aplaudieron la escultura que sacó súbitamente el artista del anonimato.,They applauded the sculpture that the artist quickly brought back from anonymity.,OIA,6,5,6,7-8,9-10,26.057905,1.905065,9.996384,2.751042,10.489145,17.041358,3.041168,3.893929,4.707057,5.86977,,,,,10.489145,17.041358,6.935097,10.576827
BCS,Denunciaron al cirujano que acusó en público al médico de calumniador.,They denounced the surgeon that overtly accused the doctor of being a slanderer.,SAA,7,5,6-7,8-9,10-11,24.245913,3.10197,8.600009,1.714792,6.837935,4.601207,4.957298,2.226459,2.443605,1.957989,18.10624,,,,6.837935,9.558505,4.670064,20.064229
BCS,Denunciaron el informe que acusó en público al médico de calumniador.,They denounced the report that overtly accused the doctor of being a slanderer.,SIA,7,5,6-7,8-9,10-11,24.245913,3.187898,7.452576,3.425439,7.475013,5.98384,7.522686,1.683205,5.046873,2.230002,13.973496,,,,7.475013,13.506526,6.730078,16.203498
BCS,Denunciaron al cirujano que acusó en público el médico de calumniador.,They denounced the surgeon that the doctor overtly accused of being a slanderer.,OAA,7,5,6-7,8-9,10-11,24.245913,3.10197,8.600009,1.714792,6.837935,4.601207,4.957298,6.571249,6.892435,1.93417,17.629573,,,,6.837935,9.558505,13.463684,19.563743
BCS,Denunciaron el informe que acusó en público el médico de calumniador.,They denounced the file that the doctor overtly accused of being a slanderer.,OIA,7,5,6-7,8-9,10-11,24.245913,3.187898,7.452576,3.425439,7.475013,5.98384,7.522686,6.032889,6.547288,2.04213,15.877434,,,,7.475013,13.506526,12.580177,17.919564
BCS,El banco apoyó al director que financiaba fuertemente al ejecutivo de inversiones.,The bank supported the director that strongly funded the executive of the investment fund.,SAA,8,7,8,9-10,11-12,8.230895,12.084663,10.52492,2.793875,5.765587,6.543008,9.7543,10.716167,1.980963,7.639626,1.796599,8.500288,,,9.7543,10.716167,9.620589,10.296887
BCS,El banco apoyó el proyecto que financiaba fuertemente al ejecutivo de inversiones.,The bank supported the plan that strongly funded the executive of the investment fund.,SIA,8,7,8,9-10,11-12,8.230895,12.084663,10.52492,2.009785,1.455046,3.638863,8.861477,11.247982,3.389009,7.43939,1.523257,10.437578,,,8.861477,11.247982,10.828399,11.960835
BCS,El banco apoyó al director que financiaba fuertemente el ejecutivo de inversiones.,The bank supported the director that the executive of the investment fund strongly funded.,OAA,8,7,8,9-10,11-12,8.230895,12.084663,10.52492,2.793875,5.765587,6.543008,9.7543,10.716167,2.387084,8.416305,1.651446,7.653797,,,9.7543,10.716167,10.803389,9.305243
BCS,El banco apoyó el proyecto que financiaba fuertemente el ejecutivo de inversiones.,The bank supported the project that the executive of the investment fund strongly funded.,OIA,8,7,8,9-10,11-12,8.230895,12.084663,10.52492,2.009785,1.455046,3.638863,8.861477,11.247982,1.769329,10.403349,1.275595,9.559035,,,8.861477,11.247982,12.172678,10.83463
BCS,Censuraron al periodista que denunció duramente al político a través de la radio.,They censored the journalist that directly denounced the politician through the radio.,SAA,9,5,6,7-8,9-13,26.331871,3.054773,3.550504,3.163534,2.895341,9.956444,2.197281,6.272543,5.185239,3.039505,0.056798,3.225032,1.78036,,2.895341,9.956444,8.469824,13.286934
BCS,Censuraron el programa que denunció duramente al político a través de la radio.,They censored the program that directly denounced the politician through the radio.,SIA,9,5,6,7-8,9-13,26.331871,2.546243,3.865835,3.256176,5.827924,10.829575,2.295003,7.025906,5.200363,3.610318,0.119353,2.541967,3.264927,,5.827924,10.829575,9.320909,14.736928
BCS,Censuraron al periodista que denunció duramente el político a través de la radio.,They censored the journalist that the politician directly denounced through the radio.,OAA,9,5,6,7-8,9-13,26.331871,3.054773,3.550504,3.163534,2.895341,9.956444,1.767036,11.349065,4.915277,3.599977,0.054413,3.377933,1.799053,,2.895341,9.956444,13.116101,13.746653
BCS,Censuraron el programa que denunció duramente el político a través de la radio.,They censored the program that the politician directly denounced through the radio.,OIA,9,5,6,7-8,9-13,26.331871,2.546243,3.865835,3.256176,5.827924,10.829575,1.708751,10.84049,4.770452,4.527225,0.129738,2.471893,2.280908,,5.827924,10.829575,12.549241,14.180216
BCS,Investigaron al testigo que señalaba claramente al asesino durante el juicio.,They investigated the witness that clearly signaled to the murderer during the judgement.,SAA,10,5,6,7-8,9-11,21.052979,5.402369,8.650333,2.119775,7.573139,10.538918,1.551943,2.122689,6.46552,0.598146,0.700215,,,,7.573139,10.538918,3.674632,7.763881
BCS,Investigaron la prueba que señalaba claramente al asesino durante el juicio.,They investigated the evidence that clearly pointed to the murderer during the judgement.,SIA,10,5,6,7-8,9-11,21.052979,1.386163,8.472249,4.654993,9.17406,12.179553,3.519811,5.150593,7.458751,0.91511,0.481724,,,,9.17406,12.179553,8.670404,8.855585
BCS,Investigaron al testigo que señalaba claramente el asesino durante el juicio.,They investigated the witness that the murderer clearly signalled to during the judgement.,OAA,10,5,6,7-8,9-11,21.052979,5.402369,8.650333,2.119775,7.573139,10.538918,3.018837,4.345374,6.983979,0.63355,1.05079,,,,7.573139,10.538918,7.364211,8.668319
BCS,Investigaron la prueba que señalaba claramente el asesino durante el juicio.,They investigated the evidence that the murderer clearly pointed to during the judgement.,OIA,10,5,6,7-8,9-11,21.052979,1.386163,8.472249,4.654993,9.17406,12.179553,2.355021,9.034496,7.575708,0.971793,0.588146,,,,9.17406,12.179553,11.389517,9.135647
BCS,Criticaron al político que superó ilegalmente al candidato en el partido.,They criticized the politician that illegally overcame the candidate in the party.,SAA,11,5,6,7-8,9-11,26.755276,2.511925,6.751113,4.517457,9.742691,8.394998,3.39294,2.273084,5.075275,1.465886,3.982363,,,,9.742691,8.394998,5.666024,10.523524
BCS,Criticaron la votación que superó ilegalmente al candidato en el partido.,They criticized the poll that illegally overcame the candidate in the party.,SIA,11,5,6,7-8,9-11,26.755276,2.352215,6.555926,4.187182,7.300659,7.984412,2.821837,3.687671,5.546852,1.808241,4.527728,,,,7.300659,7.984412,6.509508,11.882821
BCS,Criticaron al político que superó ilegalmente el candidato en el partido.,They criticized the politician that the candidate illegally overcame in the party.,OAA,11,5,6,7-8,9-11,26.755276,2.511925,6.751113,4.517457,9.742691,8.394998,1.643298,6.862193,4.550324,1.609629,3.981867,,,,9.742691,8.394998,8.505491,10.14182
BCS,Criticaron la votación que superó ilegalmente el candidato en el partido.,They criticized the poll that the candidate illegally overcame in the party.,OIA,11,5,6,7-8,9-11,26.755276,2.352215,6.555926,4.187182,7.300659,7.984412,1.632633,7.793833,5.392733,1.84572,4.736843,,,,7.300659,7.984412,9.426466,11.975296
BCS,Asaltaron al secretario que recogió esa tarde al ejecutivo en la estación.,They attacked the secretary that picked up the executive this afternoon at the station.,SAA,12,5,6-7,8-9,10-12,23.683211,3.618133,6.446269,6.85273,7.430128,9.55821,4.381854,3.198826,8.366753,1.787746,1.681796,3.2842,,,7.430128,13.940064,11.565579,6.753742
BCS,Asaltaron el coche que recogió esa tarde al ejecutivo en la estación.,They attacked the car that picked up the executive this afternoon at the station.,SIA,12,5,6-7,8-9,10-12,23.683211,2.950769,7.219316,3.659142,7.391146,10.588084,2.964282,2.063879,8.328166,2.564619,1.517866,2.540937,,,7.391146,13.552366,10.392045,6.623422
BCS,Asaltaron al secretario que recogió esa tarde el ejecutivo en la estación.,They attacked the secretary that the executive picked up this afternoon at the station.,OAA,12,5,6-7,8-9,10-12,23.683211,3.618133,6.446269,6.85273,7.430128,9.55821,4.381854,1.798052,11.155641,2.599583,1.658437,3.772879,,,7.430128,13.940064,12.953693,8.030899
BCS,Asaltaron el coche que recogió esa tarde el ejecutivo en la estación.,They attacked the car that the executive picked up this afternoon at the station.,OIA,12,5,6-7,8-9,10-12,23.683211,2.950769,7.219316,3.659142,7.391146,10.588084,2.964282,4.177452,7.845241,2.824453,1.487242,2.750243,,,7.391146,13.552366,12.022693,7.061938
BCS,El vecino vio al perro que destrozó por completo al motorista en el cruce.,The neighbour saw the dog that completely destroyed the motorist at the crossroads.,SAA,13,7,8-9,10-11,12-14,8.230895,13.230087,9.299623,3.219141,3.360495,3.469075,9.59683,6.63798,1.75087,4.410254,11.598515,2.284819,1.979769,4.577898,9.59683,8.38885,16.008769,8.842486
BCS,El vecino vio el vehículo que destrozó por completo al motorista en el cruce.,The neighbour saw the car that completely destroyed the motorist at the crossroads.,SIA,13,7,8-9,10-11,12-14,8.230895,13.230087,9.299623,2.802722,6.780486,3.106328,9.154718,6.553222,1.27748,3.647785,5.062078,1.805274,1.700263,2.614439,9.154718,7.830702,8.709863,6.119976
BCS,El vecino vio al perro que destrozó por completo el motorista en el cruce.,The neighbour saw the dog that the motorist completely destroyed at the crossroads.,OAA,13,7,8-9,10-11,12-14,8.230895,13.230087,9.299623,3.219141,3.360495,3.469075,9.59683,6.63798,1.75087,1.684845,14.726076,2.354636,1.762937,4.818676,9.59683,8.38885,16.410921,8.936249
BCS,El vecino vio el vehículo que destrozó por completo el motorista en el cruce.,The neighbour saw the car that the motorist completely destroyed at the crossroads.,OIA,13,7,8-9,10-11,12-14,8.230895,13.230087,9.299623,2.802722,6.780486,3.106328,9.154718,6.553222,1.27748,1.166984,12.043759,1.959726,1.694685,2.914216,9.154718,7.830702,13.210743,6.568627
BCS,La policía paró al conductor que remolcó ayer al camionero en la carretera.,The police stopped the driver that towed the trucker yesterday on the highway.,SAA,14,7,8,9-10,11-13,8.338458,9.887499,14.015458,3.007924,2.619594,2.190888,10.840126,9.333801,3.394096,5.669472,3.459111,1.982945,2.471929,,10.840126,9.333801,9.063568,7.913985
BCS,La policía paró el tractor que remolcó ayer al camionero en la carretera.,The police stopped the tractor that towed the trucker yesterday on the highway.,SIA,14,7,8,9-10,11-13,8.338458,9.887499,14.015458,2.185256,9.050882,1.69807,10.644733,8.799621,3.050145,6.174251,3.430152,2.086102,2.231551,,10.644733,8.799621,9.224396,7.747805
BCS,La policía paró al conductor que remolcó ayer el camionero en la carretera.,The police stopped the driver that the trucker towed yesterday on the highway.,OAA,14,7,8,9-10,11-13,8.338458,9.887499,14.015458,3.007924,2.619594,2.190888,10.840126,9.333801,2.019694,7.718545,3.511308,2.034769,2.487627,,10.840126,9.333801,9.738239,8.033704
BCS,La policía paró el tractor que remolcó ayer el camionero en la carretera.,The police stopped the tractor that towed the trucker yesterday on the highway.,OIA,14,7,8,9-10,11-13,8.338458,9.887499,14.015458,2.185256,9.050882,1.69807,10.644733,8.799621,1.397445,7.856719,3.419575,1.952733,2.39605,,10.644733,8.799621,9.254164,7.768358
BCS,La defensa aceptó al testigo que señalo rotundamente al terrorista durante el juicio.,The defence accepted the witness that signalled emphatically to the terrorist during the judgement.,SAA,15,7,8,9-10,11-13,8.338462,10.369978,10.450927,5.723106,3.777845,2.976819,10.121543,11.541373,2.033987,8.371849,7.426965,1.178825,0.535619,,10.121543,11.541373,10.405836,9.141409
BCS,La defensa aceptó la prueba que señalo rotundamente al terrorista durante el juicio.,The defence accepted the evidence that pointed emphatically to the terrorist during the judgement.,SIA,15,7,8,9-10,11-13,8.338462,10.369978,10.450927,1.267292,5.021583,3.857413,11.216052,14.762163,2.905029,7.822014,7.744635,1.04482,0.586241,,11.216052,14.762163,10.727043,9.375696
BCS,La defensa aceptó al testigo que señalo rotundamente el terrorista durante el juicio.,The defence accepted the witness that the terrorist emphatically signalled to during the judgement.,OAA,15,7,8,9-10,11-13,8.338462,10.369978,10.450927,5.723106,3.777845,2.976819,10.121543,11.541373,3.865334,11.42602,7.20603,0.998437,0.857698,,10.121543,11.541373,15.291354,9.062165
BCS,La defensa aceptó la prueba que señalo rotundamente el terrorista durante el juicio.,The defence accepted the evidence that the terrorist emphatically pointed to during the judgement.,OIA,15,7,8,9-10,11-13,8.338462,10.369978,10.450927,1.267292,5.021583,3.857413,11.216052,14.762163,2.493016,9.916152,6.677608,1.159959,0.527326,,11.216052,14.762163,12.409168,8.364893
BCS,Premiaron al asesor que llevó recientemente al candidato al éxito.,They rewarded the advisor that recently led the candidate to success.,SAA,16,5,6,7-8,9-10,23.563312,2.199693,8.234828,6.061043,4.731985,9.538281,2.255865,6.521918,4.897157,7.306774,,,,,4.731985,9.538281,8.777783,12.203931
BCS,Premiaron el programa que llevó recientemente al candidato al éxito.,They rewarded the programme that recently led the candidate to success.,SIA,16,5,6,7-8,9-10,23.563311,2.828318,4.857509,3.856661,6.976335,9.0806,2.982641,8.191614,3.487147,8.255923,,,,,6.976335,9.0806,11.174255,11.74307
BCS,Premiaron al asesor que llevó recientemente el candidato al éxito.,They rewarded the advisor that the candidate recently led to success.,OAA,16,5,6,7-8,9-10,23.563312,2.199693,8.234828,6.061043,4.731985,9.538281,2.42034,7.675157,4.736559,6.100612,,,,,4.731985,9.538281,10.095497,10.837171
BCS,Premiaron el programa que llevó recientemente el candidato al éxito.,They rewarded the programme that the candidate recently led to success,OIA,16,5,6,7-8,9-10,23.563311,2.828318,4.857509,3.856661,6.976335,9.0806,2.048044,8.189708,3.917665,8.482742,,,,,6.976335,9.0806,10.237752,12.400407
BCS,Vieron al anciano que arrolló súbitamente al joven durante el desfile.,They saw the old man that suddenly bumped into the youth during the parade.,SAA,17,5,6,7-8,9-11,19.892325,3.968477,9.559003,2.849635,12.686628,15.155652,2.771885,1.966447,6.465628,1.358553,3.312451,,,,12.686628,15.155652,4.738332,11.136632
BCS,Vieron el coche que arrolló súbitamente al joven durante el desfile.,They saw the car that suddenly ran into the youth during the parade.,SIA,17,5,6,7-8,9-11,19.892325,3.066382,7.622072,3.146446,7.806602,13.305289,2.150959,3.068915,6.313536,1.653936,2.89321,,,,7.806602,13.305289,5.219874,10.860682
BCS,Vieron al anciano que arrolló súbitamente el joven durante el desfile.,They saw the old man that the youth suddenly bumped into during the parade.,OAA,17,5,6,7-8,9-11,19.892325,3.968477,9.559003,2.849635,12.686628,15.155652,2.23186,5.816912,6.843148,1.29565,3.422776,,,,12.686628,15.155652,8.048772,11.561574
BCS,Vieron el coche que arrolló súbitamente el joven durante el desfile.,They saw the car that the youth suddenly bumped into during the parade.,OIA,17,5,6,7-8,9-11,19.892325,3.066382,7.622072,3.146446,7.806602,13.305289,3.292376,5.416564,6.607772,1.589958,3.160965,,,,7.806602,13.305289,8.70894,11.358695
BCS,Conocían al mecenas que promocionó ese año al arquitecto en la ciudad.,They knew the patron that promoted the architect this year in the city.,SAA,18,5,6-7,8-9,10-12,25.93434,3.923189,12.81036,2.931059,8.422622,8.646362,4.56474,2.988125,6.128874,3.926727,1.740593,3.336051,,,8.422622,13.211102,9.116999,9.003371
BCS,Conocían el edificio que promocionó ese año al arquitecto en la ciudad.,They knew the building that promoted the architect this year in the city.,SIA,18,5,6-7,8-9,10-12,25.93434,2.318949,6.667429,3.158023,14.905628,8.594281,3.102632,5.335304,5.111176,4.713984,2.085859,2.480223,,,14.905628,11.696913,10.44648,9.280066
BCS,Conocían al mecenas que promocionó ese año el arquitecto en la ciudad.,They knew the patron that the architect promoted this year in the city.,OAA,18,5,6-7,8-9,10-12,25.93434,3.923189,12.81036,2.931059,8.422622,8.646362,4.56474,1.925126,9.205848,4.882035,2.05715,2.436445,,,8.422622,13.211102,11.130974,9.37563
BCS,Conocían el edificio que promocionó ese año el arquitecto en la ciudad.,They knew the building that the architect promoted this year in the city.,OIA,18,5,6-7,8-9,10-12,25.93434,2.318949,6.667429,3.158023,14.905628,8.594281,3.102632,3.141329,3.695095,5.286919,2.343141,3.059383,,,14.905628,11.696913,6.836424,10.689443
BCS,Secuestraron al capitán que recogió aquella tarde al coronel en el aeródromo.,They kidnapped the captain that picked up the colonel this afternoon at the airport.,SAA,19,5,6-7,8-9,10-12,23.297236,2.552252,5.944499,5.084345,7.29886,11.59742,3.012394,2.172716,5.308519,3.82979,1.211608,4.092661,,,7.29886,14.609814,7.481235,9.134059
BCS,Secuestraron el avión que recogió aquella tarde al coronel en el aeródromo.,They hijacked the plane that picked up the colonel this afternoon at the airport.,SIA,19,5,6-7,8-9,10-12,23.297236,4.115566,4.699724,2.732565,8.800428,12.032775,2.287138,1.962578,4.923137,4.678688,1.316952,2.906506,,,8.800428,14.319913,6.885715,8.902146
BCS,Secuestraron al capitán que recogió aquella tarde el coronel en el aeródromo.,They kidnapped the captain that the colonel picked up this afternoon at the airport.,OAA,19,5,6-7,8-9,10-12,23.297236,2.552252,5.944499,5.084345,7.29886,11.59742,3.012394,3.236767,8.161592,4.444809,1.213489,3.984455,,,7.29886,14.609814,11.398359,9.642753
BCS,Secuestraron el avión que recogió aquella tarde el coronel en el aeródromo.,They hijacked the plane that the colonel picked up this afternoon at the airport.,OIA,19,5,6-7,8-9,10-12,23.297236,4.115566,4.699724,2.732565,8.800428,12.032775,2.287138,4.319167,4.929266,4.868353,1.456384,2.944158,,,8.800428,14.319913,9.248433,9.268895
BCS,El juez cronometró al aspirante que batió ampliamente al campeón en la carrera.,The judge timed the opponent that easily beat the champion in the race.,SAA,20,7,8,9-10,11-13,8.230897,10.665969,17.467566,3.185501,7.508362,3.359446,9.082783,11.179423,2.314227,2.478557,3.102371,1.760648,4.573388,,9.082783,11.179423,4.792784,9.436407
BCS,El juez cronometró la marca que batió ampliamente al campeón en la carrera.,The judge timed the record that easily beat the champion in the race.,SIA,20,7,8,9-10,11-13,8.230897,10.665969,17.467566,1.61392,7.538652,3.747191,5.297463,12.510521,4.326258,4.800776,3.679298,2.240755,3.301154,,5.297463,12.510521,9.127034,9.221207
BCS,El juez cronometró al aspirante que batió ampliamente el campeón en la carrera.,The judge timed the opponent that the champion easily beat in the race.,OAA,20,7,8,9-10,11-13,8.230897,10.665969,17.467566,3.185501,7.508362,3.359446,9.082783,11.179423,1.039843,8.987618,3.032956,1.547785,3.912057,,9.082783,11.179423,10.027461,8.492798
BCS,El juez cronometró la marca que batió ampliamente el campeón en la carrera.,The judge timed the record that the champion easily beat in the race.,OIA,20,7,8,9-10,11-13,8.230897,10.665969,17.467566,1.61392,7.538652,3.747191,5.297463,12.510521,1.220608,5.97435,3.852992,1.98784,3.27344,,5.297463,12.510521,7.194958,9.114272
BCS,Luis defendió al abogado que confundió esa mañana al director del Banco.,Luis defended the lawyer that confused the director of the bank this morning.,SAA,21,6,7-8,9-10,11-12,11.08925,20.593194,3.199463,6.599582,2.749592,9.567499,10.367773,4.427653,2.059652,6.048381,1.451629,4.455583,,,9.567499,14.795426,8.108033,5.907212
BCS,Luis defendió el presupuesto que confundió esa mañana al director del Banco.,Luis defended the budget that confused the director of the bank this morning.,SIA,21,6,7-8,9-10,11-12,11.08925,20.593194,1.879084,4.655623,3.234213,15.110944,11.41157,5.245495,2.525391,4.309211,1.793478,3.061463,,,15.110944,16.657065,6.834602,4.854941
BCS,Luis defendió al abogado que confundió esa mañana el director del Banco.,Luis defended the lawyer that the director of the bank mistook this morning.,OAA,21,6,7-8,9-10,11-12,11.08925,20.593194,3.199463,6.599582,2.749592,9.567499,10.367773,4.427653,3.743256,8.077088,1.496498,4.905365,,,9.567499,14.795426,11.820344,6.401863
BCS,Luis defendió el presupuesto que confundió esa mañana el director del Banco.,Luis defended the budget that the director of the bank mistook this morning.,OIA,21,6,7-8,9-10,11-12,11.08925,20.593194,1.879084,4.655623,3.234213,15.110944,11.41157,5.245495,3.847672,5.349324,1.721171,3.187554,,,15.110944,16.657065,9.196996,4.908725
BCS,El cirujano operó al policía que salvó finalmente al joven de la muerte.,The surgeon operated on the policeman that finally saved the youth from death.,SAA,22,7,8,9-10,11-13,8.230895,14.161169,10.963395,2.720536,6.922784,2.679495,3.743093,12.977962,2.131321,3.728749,1.957855,1.393473,0.911955,,3.743093,12.977962,5.86007,4.263283
BCS,El cirujano operó el riñón que salvó finalmente al joven de la muerte.,The surgeon operated on the kidney that finally saved the youth from death.,SIA,22,7,8,9-10,11-13,8.230895,14.161169,10.963395,2.916108,6.247698,4.223007,5.260334,11.724939,3.317954,3.180779,1.552743,1.252015,0.315757,,5.260334,11.724939,6.498733,3.120515
BCS,El cirujano operó al policía que salvó finalmente el joven de la muerte.,The surgeon operated on the policeman that the youth finally saved from death.,OAA,22,7,8,9-10,11-13,8.230895,14.161169,10.963395,2.720536,6.922784,2.679495,3.743093,12.977962,3.595659,8.584479,2.114386,1.438573,1.036628,,3.743093,12.977962,12.180138,4.589587
BCS,El cirujano operó el riñón que salvó finalmente el joven de la muerte.,The surgeon operated on the kidney that the youth finally saved from death.,OIA,22,7,8,9-10,11-13,8.230895,14.161169,10.963395,2.916108,6.247698,4.223007,5.260334,11.724939,3.166591,5.394482,1.623525,0.934303,0.271455,,5.260334,11.724939,8.561073,2.829283
BCS,Vitorearon al boxeador que tiró duramente al aspirante en el cuadrilátero.,They cheered the boxer that harshly knocked down the candidate in the ring.,SAA,23,5,6,7-8,9-11,34.063986,8.220462,9.373554,4.151295,6.470546,10.3321,2.484117,7.371855,4.758309,1.600053,3.935757,,,,6.470546,10.3321,9.855972,10.294119
BCS,Vitorearon el golpe que tiró duramente al aspirante en el cuadrilátero.,They cheered the hit that harshly knocked down the candidate in the ring.,SIA,23,5,6,7-8,9-11,34.063955,7.905268,7.103151,3.70215,8.046449,10.629839,1.894154,8.616052,5.302526,1.298372,8.718176,,,,8.046449,10.629839,10.510206,15.319074
BCS,Vitorearon al boxeador que tiró duramente el aspirante en el cuadrilátero.,They cheered the boxer that the candidate harshly knocked down in the ring.,OAA,23,5,6,7-8,9-11,34.063986,8.220462,9.373554,4.151295,6.470546,10.3321,4.810831,11.783303,4.900768,1.638906,4.202626,,,,6.470546,10.3321,16.594134,10.7423
BCS,Vitorearon el golpe que tiró duramente el aspirante en el cuadrilátero.,They cheered the hit that the candidate harshly launched in the ring,OIA,23,5,6,7-8,9-11,34.063955,7.905268,7.103151,3.70215,8.046449,10.629839,3.178775,9.717846,5.310559,1.460952,10.479185,,,,8.046449,10.629839,12.896621,17.250696
BCS,La competencia manipuló al piloto que superó ampliamente al campeón en la final.,The competition affected the pilot that easily overcame the champion in the final.,SAA,24,7,8,9-10,11-13,8.338458,12.339107,20.926499,2.967762,8.001686,4.446457,8.049544,9.388294,2.630749,3.363169,2.797231,1.472193,4.009249,,8.049544,9.388294,5.993918,8.278673
BCS,La competencia manipuló el coche que superó ampliamente al campeón en la final.,The competition affected the car that easily overcame the champion in the final.,SIA,24,7,8,9-10,11-13,8.338458,12.339107,20.926499,1.79455,9.723239,3.219234,9.980612,9.717774,2.876377,5.187894,3.34374,1.803719,3.908207,,9.980612,9.717774,8.064271,9.055666
BCS,La competencia manipuló al piloto que superó ampliamente el campeón en la final.,The competition affected the pilot that the champion easily overcame in the final.,OAA,24,7,8,9-10,11-13,8.338458,12.339107,20.926499,2.967762,8.001686,4.446457,8.049544,9.388294,1.910484,7.682124,2.707064,1.594722,4.120839,,8.049544,9.388294,9.592608,8.422625
BCS,La competencia manipuló el coche que superó ampliamente el campeón en la final.,The competition affected the car that the champion easily overcame in the final.,OIA,24,7,8,9-10,11-13,8.338458,12.339107,20.926499,1.79455,9.723239,3.219234,9.980612,9.717774,1.731333,8.935066,3.17002,1.673853,3.869105,,9.980612,9.717774,10.666399,8.712978
BCS,La audiencia ovacionó al solista que llevó ese año al director al certamen.,The audience applauded the soloist that took the director to the competition this year.,SAA,25,7,8-9,10-11,12-13,8.338462,13.998797,12.875309,1.579726,7.231366,4.087286,5.97323,8.447854,6.006074,2.719935,7.437115,4.647511,7.161132,,5.97323,14.453928,10.15705,11.808643
BCS,La audiencia ovacionó la sonata que llevó ese año al director al certamen.,The audience applauded the sonata that took the director to the competition this year.,SIA,25,7,8-9,10-11,12-13,8.338462,13.998797,12.875309,2.872327,9.475202,3.247118,7.457505,6.181069,6.806688,2.968652,6.022398,3.09935,6.120239,,7.457505,12.987757,8.99105,9.219589
BCS,La audiencia ovacionó al solista que llevó ese año el director al certamen.,The audience applauded the soloist that the director took to the competition this year.,OAA,25,7,8-9,10-11,12-13,8.338462,13.998797,12.875309,1.579726,7.231366,4.087286,5.97323,8.447854,6.006074,1.067142,9.516495,5.494901,8.147946,,5.97323,14.453928,10.583637,13.642847
BCS,La audiencia ovacionó la sonata que llevó ese año el director al certamen.,The audience applauded the sonata that the director took to the competition this year.,OIA,25,7,8-9,10-11,12-13,8.338462,13.998797,12.875309,2.872327,9.475202,3.247118,7.457505,6.181069,6.806688,0.708996,7.659949,4.474294,6.323813,,7.457505,12.987757,8.368945,10.798107
BCS,El reportero conocía al abogado que salvó finalmente al millonario de la ruina.,The journalist knew the lawyer that finally saved the millionaire from the crash.,SAA,26,7,8,9-10,11-13,8.230897,14.420553,10.84287,3.180018,5.315761,3.275318,6.78285,11.770456,2.563801,6.543344,1.788911,1.010139,6.025456,,6.78285,11.770456,9.107145,8.824506
BCS,El reportero conocía la inversión que salvó finalmente al millonario de la ruina.,The journalist knew the investment that finally saved the millionaire from the crash.,SIA,26,7,8,9-10,11-13,8.230895,14.420557,10.842881,2.05623,9.602029,2.084309,12.077214,11.228513,2.084473,6.874049,2.38557,1.151445,2.121187,,12.077214,11.228513,8.958522,5.658202
BCS,El reportero conocía al abogado que salvó finalmente el millonario de la ruina.,The journalist knew the lawyer that the millionaire finally saved from the crash.,OAA,26,7,8,9-10,11-13,8.230897,14.420553,10.84287,3.180018,5.315761,3.275318,6.78285,11.770456,2.939761,8.041007,5.637582,1.779083,4.539918,,6.78285,11.770456,10.980768,11.956583
BCS,El reportero conocía la inversión que salvó finalmente el millonario de la ruina.,The journalist knew the investment that the millionaire finally saved from the crash.,OIA,26,7,8,9-10,11-13,8.230895,14.420557,10.842881,2.05623,9.602029,2.084309,12.077214,11.228513,1.801075,8.085583,5.356905,1.814777,2.413373,,12.077214,11.228513,9.886658,9.585055
BCS,El botones reconoció al policía que descubrió súbitamente al espía en el hotel.,The bellboy recognized the policeman that discovered the spy by chance in the hotel.,SAA,27,7,8,9-10,11-13,8.230897,14.333401,18.825846,2.873123,6.19579,1.939166,7.720004,14.378267,3.280867,7.29783,2.246276,1.330895,3.312405,,7.720004,14.378267,10.578697,6.889576
BCS,El botones reconoció la firma que descubrió súbitamente al espía en el hotel.,The bellboy recognized the signature that revealed the spy by chance in the hotel.,SIA,27,7,8,9-10,11-13,8.230897,14.333401,18.825846,2.158156,6.351303,4.561127,8.067239,12.603479,4.22204,8.502689,2.623794,1.170425,5.032191,,8.067239,12.603479,12.724729,8.82641
BCS,El botones reconoció al policía que descubrió súbitamente el espía en el hotel.,The bellboy recognized the policeman that the spy discovered by chance in the hotel.,OAA,27,7,8,9-10,11-13,8.230897,14.333401,18.825846,2.873123,6.19579,1.939166,7.720004,14.378267,1.961389,8.664996,2.100769,1.351813,3.515086,,7.720004,14.378267,10.626385,6.967668
BCS,El botones reconoció la firma que descubrió súbitamente el espía en el hotel.,The bellboy recognized the signature that the spy discovered by chance in the hotel.,OIA,27,7,8,9-10,11-13,8.230897,14.333401,18.825846,2.158156,6.351303,4.561127,8.067239,12.603479,2.691986,7.215929,2.893394,1.022762,6.752862,,8.067239,12.603479,9.907915,10.669018
BCS,El jurado eligió al vocalista que llevó justamente al grupo al premio final.,The committee chose the vocalist that led the band justly to the final prize.,SAA,28,7,8,9-10,11-13,8.230895,11.763435,8.808281,3.032488,9.071555,4.5917,6.038718,11.890178,2.032774,1.318942,1.771637,4.732158,6.956648,,6.038718,11.890178,3.351716,13.460443
BCS,El jurado eligió la canción que llevó justamente al grupo al premio final.,The committee chose the song that led the band justly to the final prize.,SIA,28,7,8,9-10,11-13,8.230895,11.763435,8.808281,2.833819,4.68263,2.17086,7.935411,12.968703,2.180836,2.455951,2.318506,4.991753,6.093833,,7.935411,12.968703,4.636787,13.404092
BCS,El jurado eligió al vocalista que llevó justamente el grupo al premio final.,The committee chose the vocalist that the band led justly to the final prize.,OAA,28,7,8,9-10,11-13,8.230895,11.763435,8.808281,3.032488,9.071555,4.5917,6.038718,11.890178,1.703767,5.521426,2.422136,4.782636,7.444401,,6.038718,11.890178,7.225193,14.649173
BCS,El jurado eligió la canción que llevó justamente el grupo al premio final.,The committee chose the song that the band led justly to the final prize.,OIA,28,7,8,9-10,11-13,8.230895,11.763435,8.808281,2.833819,4.68263,2.17086,7.935411,12.968703,1.240305,7.88918,3.78096,4.861189,6.151302,,7.935411,12.968703,9.129485,14.793451
BCS,Tiraron tomates al secretario que llevaba esa tarde al diplomático al mitin.,They threw tomatoes at the secretary that took the diplomat to the rally this afternoon.,SAA,29,6,7-8,9-10,11-12,25.095538,12.762202,4.040211,10.157856,6.165129,4.704832,7.731621,5.073155,2.802202,9.149689,5.357019,8.760009,,,4.704832,12.804776,11.951891,14.117028
BCS,Tiraron tomates al coche que llevaba esa tarde al diplomático al mitin.,They threw tomatoes at the car that took the diplomat to the rally this afternoon.,SIA,29,6,7-8,9-10,11-12,25.095538,12.762202,4.040211,6.281016,5.144563,3.834216,7.942017,3.658382,3.359128,10.721069,5.705661,9.779966,,,3.834216,11.600399,14.080197,15.485627
BCS,Tiraron tomates al secretario que llevaba esa tarde el diplomático al mitin.,They threw tomatoes at the secretary that the diplomat took to the rally this afternoon.,OAA,29,6,7-8,9-10,11-12,25.095538,12.762202,4.040211,10.157856,6.165129,4.704832,7.731621,5.073155,2.691627,9.465327,4.819792,8.645214,,,4.704832,12.804776,12.156954,13.465006
BCS,Tiraron tomates al coche que llevaba esa tarde el diplomático al mitin.,They threw tomatoes at the car that the diplomat carried to the rally this afternoon.,OIA,29,6,7-8,9-10,11-12,25.095538,12.762202,4.040211,6.281016,5.144563,3.834216,7.942017,3.658382,2.720396,8.252303,5.362234,11.640049,,,3.834216,11.600399,10.972699,17.002283
BCS,Denunciaron al millonario que apoyó económicamente al equipo de inversores.,They denounced the millionaire that economically supported the team of investors.,SAA,30,5,6,7-8,9-10,24.245913,3.10197,8.410798,3.427523,5.370522,8.879681,1.695799,6.062943,0.697123,15.665172,,,,,5.370522,8.879681,7.758742,16.362295
BCS,Denunciaron el presupuesto que apoyó económicamente al equipo de inversores.,They denounced the budget that economically supported the team of investors.,SIA,30,5,6,7-8,9-10,24.245913,3.187898,8.006615,3.515909,10.504654,9.648947,2.385522,5.342713,0.652547,15.995621,,,,,10.504654,9.648947,7.728235,16.648168
BCS,Denunciaron al millonario que apoyó económicamente el equipo de inversores.,They denounced the millionaire that the team of investors economically supported.,OAA,30,5,6,7-8,9-10,24.245913,3.10197,8.410798,3.427523,5.370522,8.879681,2.94508,8.498934,0.626929,17.111637,,,,,5.370522,8.879681,11.444014,17.738566
BCS,Denunciaron el presupuesto que apoyó económicamente el equipo de inversores.,They denounced the budget that the team of investors economically supported.,OIA,30,5,6,7-8,9-10,24.245913,3.187898,8.006615,3.515909,10.504654,9.648947,2.374964,7.867368,0.609477,16.438912,,,,,10.504654,9.648947,10.242332,17.048389
BCS,El reportero conocía al político que captó rápidamente al público en el mitin.,The reporter knew the politician that quickly captured the attention of the audience at the rally.,SAA,31,7,8,9-10,11-13,8.230895,14.420557,10.842881,3.180026,5.918972,3.768882,10.045566,9.084768,4.075715,5.119489,2.85896,2.107742,5.486308,,10.045566,9.084768,9.195204,10.45301
BCS,El reportero conocía el discurso que captó rápidamente al público en el mitin.,The reporter knew the speech that quickly captured the attention of the audience at the rally.,SIA,31,7,8,9-10,11-13,8.230895,14.420557,10.842881,2.018261,7.127067,2.601519,11.827248,8.341355,3.764836,1.111524,2.983063,1.660763,5.243528,,11.827248,8.341355,4.87636,9.887354
BCS,El reportero conocía al político que captó rápidamente el público en el mitin.,The reporter knew the politician that the audience quickly captured the attention of at the rally.,OAA,31,7,8,9-10,11-13,8.230895,14.420557,10.842881,3.180026,5.918972,3.768882,10.045566,9.084768,2.064151,6.986095,2.841826,1.899886,4.890916,,10.045566,9.084768,9.050246,9.632628
BCS,El reportero conocía el discurso que captó rápidamente el público en el mitin.,The reporter knew the speech that the audience quickly grasped at the rally.,OIA,31,7,8,9-10,11-13,8.230895,14.420557,10.842881,2.018261,7.127067,2.601519,11.827248,8.341355,1.827352,3.357637,3.081198,1.789527,5.247549,,11.827248,8.341355,5.184989,10.118274
BCS,El público aplaudió al jugador que superó fácilmente al defensa en el partido.,The audience applauded the player that easily overcame the defence at the match.,SAA,32,7,8,9-10,11-13,8.230895,11.765076,10.590744,2.91178,6.41149,3.081058,6.596277,9.686217,1.845306,6.26572,3.713393,1.395283,2.948702,,6.596277,9.686217,8.111026,8.057378
BCS,El público aplaudió la jugada que superó fácilmente al defensa en el partido.,The audience applauded the movement that easily overcame the defence at the match.,SIA,32,7,8,9-10,11-13,8.230895,11.765076,10.590744,2.624276,7.486459,2.835092,8.425006,8.60373,1.38461,3.49726,4.593968,1.497377,2.948905,,8.425006,8.60373,4.88187,9.04025
BCS,El público aplaudió al jugador que superó fácilmente el defensa en el partido.,The audience applauded the player that the defence easily overcame at the match.,OAA,32,7,8,9-10,11-13,8.230895,11.765076,10.590744,2.91178,6.41149,3.081058,6.596277,9.686217,2.159939,8.528723,3.782392,1.347245,2.993935,,6.596277,9.686217,10.688662,8.123572
BCS,El público aplaudió la jugada que superó fácilmente el defensa en el partido.,The audience applauded the movement that the defence easily overcame at the match.,OIA,32,7,8,9-10,11-13,8.230895,11.765076,10.590744,2.624276,7.486459,2.835092,8.425006,8.60373,2.925291,5.451913,4.585839,1.461695,2.878435,,8.425006,8.60373,8.377204,8.925969
BCS,Encontraron al terrorista que disparó violentamente al policía en el atentado.,They found the terrorist that violently shot the policeman in the attack.,SAA,33,5,6,7-8,9-11,20.498879,4.235591,6.878771,1.917263,3.949412,11.757073,3.007686,2.859534,1.304812,2.290102,5.803517,,,,3.949412,11.757073,5.86722,9.398431
BCS,Encontraron el arma que disparó violentamente al policía en el atentado.,They found the weapon that violently shot the policeman in the attack.,SIA,33,5,6,7-8,9-11,20.498879,2.776413,6.112449,1.508376,4.101769,12.911852,2.352574,4.861761,2.145071,2.198618,5.598393,,,,4.101769,12.911852,7.214335,9.942082
BCS,Encontraron al terrorista que disparó violentamente el policía en el atentado.,They found the terrorist that the police violently shot in the attack.,OAA,33,5,6,7-8,9-11,20.498879,4.235591,6.878771,1.917263,3.949412,11.757073,5.491967,7.743212,1.34158,2.264688,5.812789,,,,3.949412,11.757073,13.235179,9.419057
BCS,Encontraron el arma que disparó violentamente el policía en el atentado.,They found the weapon that the police violently shot in the attack.,OIA,33,5,6,7-8,9-11,20.498879,2.776413,6.112449,1.508376,4.101769,12.911852,4.059334,7.534642,2.115464,1.866294,6.287356,,,,4.101769,12.911852,11.593976,10.269114
BCS,Vieron al camionero que empujó brutalmente al conductor fuera de la vía.,They saw the trucker that brutally pushed the driver out of the way.,SAA,34,5,6,7-8,9-12,19.892325,3.968477,9.745526,2.57023,7.146648,7.858043,1.942158,3.049788,6.028568,0.385712,0.60136,3.410087,,,7.146648,7.858043,4.991946,10.425727
BCS,Vieron al coche que empujó brutalmente al conductor fuera de la vía.,They saw the car that brutally pushed the driver out of the way.,SIA,34,5,6,7-8,9-12,19.892325,3.968477,8.323645,2.853141,8.046388,8.741381,1.889343,3.443838,4.548942,0.225417,0.147599,2.532736,,,8.046388,8.741381,5.333181,7.454694
BCS,Vieron al camionero que empujó brutalmente el conductor fuera de la vía.,They saw the trucker that the driver brutally pushed out of the way.,OAA,34,5,6,7-8,9-12,19.892325,3.968477,9.745526,2.57023,7.146648,7.858043,4.383475,6.111666,5.460865,0.480898,0.722465,3.959417,,,7.146648,7.858043,10.495141,10.623645
BCS,Vieron al coche que empujó brutalmente el conductor fuera de la vía.,They show the car that the driver brutally pushed out of the way.,OIA,34,5,6,7-8,9-12,19.892325,3.968477,8.323645,2.853141,8.046388,8.741381,3.759365,5.24208,5.411229,0.330772,0.362719,2.932547,,,8.046388,8.741381,9.001445,9.037267
BCS,Acabaron con el soplón que descubrió sagazmente al agente de seguridad nacional.,They finished with the informer that astutely discovered the agent of national security.,SAA,35,6,7,8-9,10-12,23.06073,3.307933,2.104372,12.771247,2.764681,4.431139,16.010666,3.533762,4.118795,1.964818,3.44277,5.538984,,,4.431139,16.010666,7.652557,10.946572
BCS,Acabaron con la conspiración que descubrió sagazmente al agente de seguridad nacional.,They finished with the conspiracy that astutely revealed the agent of national security.,SIA,35,6,7,8-9,10-12,23.06073,3.307933,2.022012,8.704699,3.62556,8.140784,15.964456,5.083708,5.873634,1.647687,3.560961,4.063804,,,8.140784,15.964456,10.957342,9.272452
BCS,Acabaron con el soplón que descubrió sagazmente el agente de seguridad nacional.,They finished with the informer that the agent of national security astutely discovered.,OAA,35,6,7,8-9,10-12,23.06073,3.307933,2.104372,12.771247,2.764681,4.431139,16.010666,1.756915,8.396075,1.846829,3.34467,5.085752,,,4.431139,16.010666,10.15299,10.277251
BCS,Acabaron con la conspiración que descubrió sagazmente el agente de seguridad nacional.,They finished with the conspiracy that the agent of national security astutely discovered.,OIA,35,6,7,8-9,10-12,23.06073,3.307933,2.022012,8.704699,3.62556,8.140784,15.964456,1.972622,5.356486,1.616595,3.718563,3.553804,,,8.140784,15.964456,7.329108,8.888962
BCS,Promocionaron al novato que ganó esa semana al ajedrecista en el campeonato.,They promoted the rookie that beat the chess player in the championship this week.,SAA,36,5,6-7,8-9,10-12,28.332622,3.894656,9.160694,6.303198,4.548249,8.734662,2.479106,4.100375,12.194463,4.110342,1.810774,4.308544,,,4.548249,11.213768,16.294838,10.22966
BCS,Promocionaron el ordenador que ganó esa semana el ajedrecista en el campeonato.,They promoted the computer that beat the chess player in the championship this week.,SIA,36,5,6-7,8-9,10-12,28.332622,1.759778,10.061544,3.870799,6.735189,11.139549,3.872762,2.015562,14.886045,4.367221,1.999799,2.797268,,,6.735189,15.012311,16.901607,9.164288
BCS,Promocionaron al novato que ganó esa semana el ajedrecista en el campeonato.,They promoted the rookie that the chess player beat this week in the championship.,OAA,36,5,6-7,8-9,10-12,28.332622,3.894656,9.160694,6.303198,4.548249,8.734662,2.479106,2.323403,14.113061,4.206991,1.707538,3.715652,,,4.548249,11.213768,16.436464,9.630181
BCS,Promocionaron el ordenador que ganó esa semana al ajedrecista en el campeonato.,They promoted the computer that the chess player beat this week in the championship.,OIA,36,5,6-7,8-9,10-12,28.332622,1.759778,10.061544,3.870799,6.735189,11.139549,3.872762,3.508003,12.124806,4.202807,2.000529,3.031028,,,6.735189,15.012311,15.632809,9.234364
